{"interp": {"gilknocker": 0.3559960424900055, "wall_clock": 1.37, "cpu": 851, "vmpeak": 1862088}, "interp2": {"gilknocker": 0.4936431348323822, "wall_clock": 1.08, "cpu": 997, "vmpeak": 1827568}, "thread": {"gilknocker": 0.9889764189720154, "wall_clock": 4.25, "cpu": 98, "vmpeak": 1629700}, "sequential": {"gilknocker": 0.818313479423523, "wall_clock": 4.36, "cpu": 97, "vmpeak": 228396}, "subprocess": {"gilknocker": 0.3022002875804901, "wall_clock": 0.94, "cpu": 1018, "vmpeak": 3156352}}