{"interp": {"gilknocker": 0.9808455109596252, "wall_clock": 13.12, "cpu": 160, "vmpeak": 4976116}, "interp2": {"gilknocker": 0.963771402835846, "wall_clock": 3.69, "cpu": 172, "vmpeak": 3869672}, "thread": {"gilknocker": 0.4322347640991211, "wall_clock": 0.84, "cpu": 88, "vmpeak": 2096720}, "nogil": {"gilknocker": 0.0, "wall_clock": 1.04, "cpu": 135, "vmpeak": 2948504}, "sequential": {"gilknocker": 0.8179797530174255, "wall_clock": 0.78, "cpu": 87, "vmpeak": 720064}, "subprocess": {"gilknocker": 0.8569836020469666, "wall_clock": 4.28, "cpu": 134, "vmpeak": 5630432}}