{
  "sequential": {
    "gilknocker": 0.8300138711929321,
    "wall_clock": 1.27,
    "cpu": 84,
    "vmpeak": 720696
  },
  "interp": {
    "gilknocker": 0.9716795682907104,
    "wall_clock": 8.74,
    "cpu": 151,
    "vmpeak": 4929644
  },
  "interp2": {
    "gilknocker": 0.9716795682907104,
    "wall_clock": 3.96,
    "cpu": 161,
    "vmpeak": 3831968
  },
  "thread": {
    "gilknocker": 0.3829801678657532,
    "wall_clock": 1.09,
    "cpu": 83,
    "vmpeak": 2121436
  },
  "futures": {
    "gilknocker": 0.815186083316803,
    "wall_clock": 1.39,
    "cpu": 84,
    "vmpeak": 1801308
  },
  "nogil-sequential": {
    "gilknocker": 0.0,
    "wall_clock": 0.89,
    "cpu": 91,
    "vmpeak": 1153932
  },
  "nogil-thread": {
    "gilknocker": 0.0,
    "wall_clock": 1.26,
    "cpu": 115,
    "vmpeak": 2973052
  },
  "nogil-futures": {
    "gilknocker": 0.0,
    "wall_clock": 1.08,
    "cpu": 115,
    "vmpeak": 2464980
  },
  "subprocess": {
    "gilknocker": 0.7868846654891968,
    "wall_clock": 5.92,
    "cpu": 118,
    "vmpeak": 5655124
  }
}
