{
  "sequential": {
    "gilknocker": 0.817625105381012,
    "wall_clock": 3.91,
    "cpu": 97,
    "vmpeak": 191812
  },
  "interp": {
    "gilknocker": 0.27400436997413635,
    "wall_clock": 1.62,
    "cpu": 830,
    "vmpeak": 1724840
  },
  "interp2": {
    "gilknocker": 0.0707949846982956,
    "wall_clock": 1.21,
    "cpu": 1006,
    "vmpeak": 1724692
  },
  "thread": {
    "gilknocker": 0.9586377143859863,
    "wall_clock": 3.79,
    "cpu": 98,
    "vmpeak": 1593044
  },
  "futures": {
    "gilknocker": 0.9658754467964172,
    "wall_clock": 3.84,
    "cpu": 98,
    "vmpeak": 1371792
  },
  "nogil-sequential": {
    "wall_clock": 3.64,
    "cpu": 99,
    "vmpeak": 72512
  },
  "nogil-thread": {
    "wall_clock": 0.71,
    "cpu": 1402,
    "vmpeak": 2096760
  },
  "nogil-futures": {
    "wall_clock": 0.71,
    "cpu": 1431,
    "vmpeak": 1777156
  },
  "subprocess": {
    "gilknocker": 0.3427041172981262,
    "wall_clock": 0.88,
    "cpu": 1219,
    "vmpeak": 3035736
  }
}