{
  "interp": {
    "gilknocker": 0.0697646513581276,
    "wall_clock": 16.74,
    "cpu": 1497,
    "vmpeak": 1724692
  },
  "interp2": {
    "gilknocker": 0.006792029831558466,
    "wall_clock": 17.25,
    "cpu": 1530,
    "vmpeak": 1724544
  },
  "interp3": {
    "gilknocker": 0.013472474180161953,
    "wall_clock": 17.44,
    "cpu": 1550,
    "vmpeak": 1724544
  },
  "thread": {
    "gilknocker": 0.9900957942008972,
    "wall_clock": 86.5,
    "cpu": 101,
    "vmpeak": 1592896
  },
  "nogil": {
    "gilknocker": 0.0,
    "wall_clock": 79.71,
    "cpu": 1559,
    "vmpeak": 2096760
  },
  "sequential": {
    "gilknocker": 0.8184361457824707,
    "wall_clock": 91.89,
    "cpu": 100,
    "vmpeak": 191680
  },
  "subprocess": {
    "gilknocker": 0.021993033587932587,
    "wall_clock": 16.45,
    "cpu": 1532,
    "vmpeak": 3033492
  }
}
